id,seq,is_moving,position,shape,orientation,velocity,type,heading,time_meas,ms_no,road_sec_id,fid,turn_type,category,time,road,event_name
221862028,280768652,0,"{""x"":248.35002,""y"":-457.88605}","{""x"":4.790456,""y"":1.8547533,""z"":1.4462891}",1.1240011,0.0,1,1.1240011,1681355045099613,16813550450,0,70601,1,2,11:04:05,道路14,机动车占用非机动车道
227785751,280768697,0,"{""x"":330.0052,""y"":-320.2846}","{""x"":4.708917,""y"":1.9707137,""z"":1.5032601}",1.7820369,0.0,1,1.7820369,1681355049599741,16813550495,0,70472,3,2,11:04:09,道路5,机动车占用非机动车道
225167797,280768367,0,"{""x"":-274.56714,""y"":-340.50943}","{""x"":4.767751,""y"":1.8892202,""z"":1.5693359}",-0.38739514,0.0,1,-0.38739514,1681355016599666,16813550165,0,70077,0,2,11:03:36,道路7,机动车占用非机动车道
228402939,280768542,0,"{""x"":227.88063,""y"":-440.1003}","{""x"":4,""y"":1.5640761,""z"":1.9394531}",-2.0141609,0.0,1,-2.0141609,1681355034099665,16813550340,0,70602,1,2,11:03:54,道路14,机动车占用非机动车道
227182484,280767467,0,"{""x"":223.24426,""y"":-459.9798}","{""x"":4.7261567,""y"":1.9501237,""z"":1.4833984}",-2.0141609,0.0,1,-2.0141609,1681354926599679,16813549265,0,70602,1,2,11:02:06,道路14,机动车占用非机动车道
229283295,280768027,0,"{""x"":92.40302,""y"":-495.03665,""z"":13.217773}","{""x"":4.848309,""y"":1.8940645,""z"":1.6416016}",2.5781147,0.0,4,2.5781147,1681354982599677,16813549825,0,70083,0,2,11:03:02,道路9,机动车占用非机动车道
229148690,280768462,0,"{""x"":-244.89334,""y"":-326.6214}","{""x"":4.588636,""y"":1.9406774,""z"":1.5185547}",-0.3268139,0.0,1,-0.3268139,1681355026099861,16813550260,0,70075,0,2,11:03:46,道路7,机动车占用非机动车道
225403353,280767962,0,"{""x"":-344.75546,""y"":-279.38998}","{""x"":4.4455113,""y"":1.8597867,""z"":1.4716797}",2.274483,0.0,1,2.274483,1681354976099708,16813549760,0,70545,3,2,11:02:56,道路7,机动车占用非机动车道
226321239,280768397,0,"{""x"":195.50897,""y"":-591.3672}","{""x"":4.1611824,""y"":1.8859156,""z"":1.4816716}",-0.5694019,0.0,1,-0.5694019,1681355019599760,16813550195,0,70568,2,2,11:03:39,道路14,机动车占用非机动车道
229428559,280768792,0,"{""x"":-65.35052,""y"":-137.41753}","{""x"":4.551294,""y"":1.8232213,""z"":1.4580078}",1.2450472,0.0,1,-1.9560053,1681355059099671,16813550590,0,70256,0,2,11:04:19,道路12,机动车占用非机动车道
228610319,280768237,0,"{""x"":-10.92677,""y"":-93.636475}","{""x"":4.685546,""y"":1.9416759,""z"":1.6806641}",1.1852592,0.0,1,1.1852592,1681355003599712,16813550035,0,70447,1,2,11:03:23,道路12,机动车占用非机动车道
228435065,280768637,0,"{""x"":225.74918,""y"":-439.5483}","{""x"":4,""y"":1.5,""z"":1.8974609}",-2.196161,0.0,1,-2.196161,1681355043599630,16813550435,0,70602,1,2,11:04:03,道路14,机动车占用非机动车道
227332815,280767582,0,"{""x"":190.99406,""y"":-588.1624}","{""x"":4.7330284,""y"":1.9123896,""z"":1.9172277}",1.2180824,0.0,1,1.2180824,1681354938099691,16813549380,0,70566,1,2,11:02:18,道路9,机动车占用非机动车道
231601482,280779327,0,"{""x"":-113.18248,""y"":-251.65855}","{""x"":5.255062,""y"":2.0018306,""z"":2.4455504}",1.114614,0.0,1,-1.9640425,1681356112599673,16813561125,0,70252,0,2,11:21:52,道路12,机动车占用非机动车道
230179692,280780202,0,"{""x"":-102.576546,""y"":-228.51677}","{""x"":4.243369,""y"":1.8858595,""z"":1.4811991}",-1.9640425,0.0,1,-1.9640425,1681356200099661,16813562000,0,70252,0,2,11:23:20,道路12,机动车占用非机动车道
230503910,280779687,0,"{""x"":223.25331,""y"":-459.96143}","{""x"":4.6898766,""y"":1.9569743,""z"":1.4892578}",-2.045859,0.0,1,-2.0141609,1681356148599708,16813561485,0,70602,1,2,11:22:28,道路14,机动车占用非机动车道
231399252,280780067,0,"{""x"":235.3228,""y"":-431.4874}","{""x"":4.673525,""y"":1.8963599,""z"":1.4570312}",1.260536,0.0,1,1.260536,1681356186599963,16813561865,0,70602,1,2,11:23:06,道路14,机动车占用非机动车道
229832619,280780232,0,"{""x"":-274.5264,""y"":-340.56122}","{""x"":5.09155,""y"":1.9682598,""z"":2.3828125}",-0.37542942,0.0,1,-0.38739514,1681356203099681,16813562030,0,70077,0,2,11:23:23,道路7,机动车占用非机动车道
230836742,280779267,0,"{""x"":-306.4876,""y"":-73.679054}","{""x"":4.387027,""y"":1.7340858,""z"":1.3994141}",1.122688,0.0,1,1.122688,1681356106599710,16813561065,0,70235,0,2,11:21:46,道路11,机动车占用非机动车道
231356875,280779197,0,"{""x"":280.53436,""y"":-290.77243}","{""x"":5.5396786,""y"":1.88455,""z"":1.6330937}",2.564411,0.0,1,2.564411,1681356099599845,16813560995,0,70122,0,2,11:21:39,道路4,机动车占用非机动车道
231673394,280780317,0,"{""x"":-171.11145,""y"":-356.56467}","{""x"":4.49859,""y"":1.8021935,""z"":1.4619141}",2.9424908,0.0,1,2.9424908,1681356211599675,16813562115,0,70555,1,2,11:23:31,道路8,机动车占用非机动车道
230032938,280780352,0,"{""x"":251.41795,""y"":-452.2406}","{""x"":4.8567963,""y"":1.944161,""z"":1.5078125}",1.1240011,0.0,1,1.1240011,1681356215099648,16813562150,0,70601,1,2,11:23:35,道路14,机动车占用非机动车道
232115252,280788727,0,"{""x"":251.58836,""y"":-460.3919}","{""x"":4.652401,""y"":1.868803,""z"":1.4775391}",1.1291769,0.0,1,1.1291769,1681357052599632,16813570525,0,70601,1,2,11:37:32,道路14,机动车占用非机动车道
233470445,280788432,0,"{""x"":-328.41446,""y"":-145.9216}","{""x"":4.7921066,""y"":1.9392436,""z"":1.4941406}",-1.9484717,0.0,1,-1.9484717,1681357023099698,16813570230,0,70600,1,2,11:37:03,道路11,机动车占用非机动车道
233858800,280789322,0,"{""x"":248.18748,""y"":-459.01593}","{""x"":4.675057,""y"":1.9194875,""z"":1.4726562}",1.1240011,0.0,1,1.1240011,1681357112099703,16813571120,0,70601,1,2,11:38:32,道路14,机动车占用非机动车道
233504172,280789267,0,"{""x"":-113.18292,""y"":-251.68953}","{""x"":5.06655,""y"":1.9629102,""z"":2.208584}",1.1135817,0.0,1,-1.9640425,1681357106599754,16813571065,0,70252,0,2,11:38:26,道路12,机动车占用非机动车道
233960965,280789432,0,"{""x"":-69.35615,""y"":-66.00875}","{""x"":5.1285057,""y"":2.1231687,""z"":2.1542969}",2.5889168,0.0,1,2.5889168,1681357123099755,16813571230,0,70116,0,2,11:38:43,道路2,机动车占用非机动车道
234048838,280789342,0,"{""x"":-102.10324,""y"":-226.84857}","{""x"":4.4116864,""y"":1.8547978,""z"":1.4808376}",1.1828275,0.0,1,-1.9640425,1681357114099729,16813571140,0,70252,0,2,11:38:34,道路12,机动车占用非机动车道
234380562,280789412,0,"{""x"":223.88362,""y"":-458.35434,""z"":13.37207}","{""x"":4.748701,""y"":1.9195877,""z"":1.4560547}",-2.055436,0.0,1,-2.055436,1681357121099885,16813571210,0,70602,1,2,11:38:41,道路14,机动车占用非机动车道
234341984,280789272,0,"{""x"":251.37613,""y"":-452.21783}","{""x"":4.794965,""y"":1.9498417,""z"":1.4921875}",1.0784211,0.0,1,1.0813954,1681357107099747,16813571070,0,70601,1,2,11:38:27,道路14,机动车占用非机动车道
234089944,280788492,1,"{""x"":95.47961,""y"":-214.08395,""z"":12.718184}","{""x"":4.581512,""y"":1.9576524,""z"":1.4519497}",-0.97637504,4.0516453,1,-0.97637504,1681357029099974,16813570290,0,70464,2,2,11:37:09,道路3,机动车占用非机动车道
232072337,280788947,1,"{""x"":1.3895993,""y"":-433.7257,""z"":12.590002}","{""x"":4.7134686,""y"":2.0106726,""z"":1.4064858}",-2.8543599,4.6357126,1,-2.8543599,1681357074599632,16813570745,0,70562,1,2,11:37:54,道路9,机动车占用非机动车道
235493354,280795077,0,"{""x"":230.50557,""y"":-440.87677}","{""x"":4.7414327,""y"":1.9670862,""z"":1.4863281}",-2.0720868,0.0,1,-2.0141609,1681357687599848,16813576875,0,70602,1,2,11:48:07,道路14,机动车占用非机动车道
234837706,280795057,0,"{""x"":222.42905,""y"":-455.18542}","{""x"":4.6988525,""y"":2.0141528,""z"":1.6376953}",-1.5084422,0.0,1,-1.5084422,1681357685599846,16813576855,0,70602,1,2,11:48:05,道路14,机动车占用非机动车道
234939785,280795267,0,"{""x"":251.38998,""y"":-452.21866}","{""x"":4.776826,""y"":1.9621391,""z"":1.4853516}",1.0869039,0.0,1,1.0763388,1681357706599821,16813577065,0,70601,1,2,11:48:26,道路14,机动车占用非机动车道
235713517,280795512,0,"{""x"":330.4492,""y"":-318.90143,""z"":12.599398}","{""x"":4.6271315,""y"":1.8701469,""z"":1.6326951}",1.9122547,0.0,1,1.9122547,1681357731099821,16813577310,0,70472,3,2,11:48:51,道路5,机动车占用非机动车道
235570104,280795307,1,"{""x"":195.0205,""y"":-591.7516,""z"":12.409379}","{""x"":4.2813296,""y"":1.8836825,""z"":1.509144}",-0.5866736,0.61393446,1,-0.5866736,1681357710599798,16813577105,0,70566,1,2,11:48:30,道路9,机动车占用非机动车道
235249924,280794062,0,"{""x"":-305.853,""y"":-70.62028,""z"":12.120422}","{""x"":4.3222866,""y"":1.7058717,""z"":1.4199219}",1.3841293,0.0,1,1.3841293,1681357586099765,16813575860,0,70235,0,2,11:46:26,道路11,机动车占用非机动车道
234205942,280794357,0,"{""x"":221.60825,""y"":-464.1456}","{""x"":5.1629806,""y"":1.964851,""z"":1.8037109}",-2.0141609,0.0,1,-2.0141609,1681357615599912,16813576155,0,70602,1,2,11:46:55,道路14,机动车占用非机动车道
235057185,280795177,0,"{""x"":-274.58893,""y"":-340.60495}","{""x"":4.880913,""y"":1.9295835,""z"":2.3789062}",-0.3861861,0.0,1,-0.38739514,1681357697599653,16813576975,0,70077,0,2,11:48:17,道路7,机动车占用非机动车道
235479021,280795042,0,"{""x"":-102.02563,""y"":-226.9853}","{""x"":4.296147,""y"":1.8291472,""z"":1.4585913}",1.3493263,0.0,1,-1.9640425,1681357684099771,16813576840,0,70252,0,2,11:48:04,道路12,机动车占用非机动车道
235561212,280795262,1,"{""x"":242.33827,""y"":-471.8065,""z"":13.333984}","{""x"":4.6476407,""y"":2.042888,""z"":1.4501953}",0.53677964,1.4635574999999998,1,0.53677964,1681357706099817,16813577060,0,70601,1,2,11:48:26,道路14,机动车占用非机动车道
235102454,280794982,0,"{""x"":247.44638,""y"":-459.29788}","{""x"":4.6426144,""y"":1.8476114,""z"":1.4873047}",1.1240011,0.0,1,1.1240011,1681357678099861,16813576780,0,70601,1,2,11:47:58,道路14,机动车占用非机动车道
235698683,280794847,1,"{""x"":294.8845,""y"":-296.8651,""z"":12.6442995}","{""x"":4.9670496,""y"":1.9247699,""z"":1.4454066}",-2.9243867,3.0708544,1,-2.9243867,1681357664599872,16813576645,0,70473,3,2,11:47:44,道路14,机动车占用非机动车道
234017676,280795192,1,"{""x"":182.99033,""y"":-573.2654,""z"":12.8041115}","{""x"":4.904072,""y"":2.0119555,""z"":1.4760753}",-0.5540389,8.024678,1,-0.5540389,1681357699099876,16813576990,0,70565,2,2,11:48:19,道路9,机动车占用非机动车道
235157090,280795182,1,"{""x"":274.91275,""y"":-329.5144,""z"":12.710429}","{""x"":5.2457943,""y"":2.028883,""z"":1.4299628}",-1.0430136,5.461837,1,-1.0430136,1681357698099833,16813576980,0,70476,2,2,11:48:18,道路4,机动车占用非机动车道
229834799,280770237,1,"{""x"":-107.66045,""y"":-240.58667,""z"":12.945293}","{""x"":5.312773,""y"":2.0275981,""z"":2.1352365}",-1.9957061,2.793378,1,-1.9957061,1681355203599715,16813552035,0,70252,0,2,11:06:43,道路12,机动车占用非机动车道
229857067,280771322,0,"{""x"":102.508865,""y"":-500.3595,""z"":12.98584}","{""x"":4.4675837,""y"":1.897356,""z"":1.4814453}",1.6085037,0.0,1,1.6085037,1681355312099649,16813553120,0,70083,0,2,11:08:32,道路9,机动车占用非机动车道
230087111,280771737,1,"{""x"":17.494875,""y"":-439.40103,""z"":12.846539}","{""x"":4.6704893,""y"":1.9475967,""z"":1.4527274}",1.5424943,4.8787165,1,1.5424943,1681355353599746,16813553535,0,70559,2,2,11:09:13,道路8,机动车占用非机动车道
235824390,280796447,0,"{""x"":-171.0004,""y"":-352.81335,""z"":12.637207}","{""x"":5.5518684,""y"":2.1039548,""z"":2.2265625}",-0.38919848,0.0,1,-0.38919848,1681357824599685,16813578245,0,70552,3,2,11:50:24,道路12,机动车占用非机动车道
236034077,280796712,1,"{""x"":174.22319,""y"":-546.4471,""z"":12.566333}","{""x"":4.5541196,""y"":1.9581478,""z"":1.4519497}",-2.9163857,1.4559168,1,-2.9163857,1681357851099830,16813578510,0,70567,1,2,11:50:51,道路10,机动车占用非机动车道
236232356,280796837,0,"{""x"":-102.338936,""y"":-226.87642}","{""x"":4.415244,""y"":1.8521477,""z"":1.438961}",1.4593846,0.0,1,1.4144616,1681357863599720,16813578635,0,70252,0,2,11:51:03,道路12,机动车占用非机动车道
236014677,280796152,1,"{""x"":-261.78024,""y"":3.6223223,""z"":12.805744}","{""x"":4.9784737,""y"":2.1360466,""z"":1.7285004}",0.49401903,2.6336749,1,0.49401903,1681357795099602,16813577950,0,70443,2,2,11:49:55,道路11,机动车占用非机动车道
230457612,280776567,0,"{""x"":100.011536,""y"":-171.09818}","{""x"":4,""y"":1.5,""z"":1.852007}",2.566257,0.0,4,2.566257,1681355836599803,16813558365,0,70118,0,2,11:17:16,道路3,机动车占用非机动车道
231273050,280776512,0,"{""x"":230.0883,""y"":-444.89044,""z"":13.624023}","{""x"":4.8428926,""y"":1.9711099,""z"":1.4990234}",-2.0715969,0.0,1,-2.0715969,1681355831099699,16813558310,0,70602,1,2,11:17:11,道路14,机动车占用非机动车道
234758608,280792547,0,"{""x"":230.46579,""y"":-440.82733}","{""x"":4.7216687,""y"":1.9594263,""z"":1.4599609}",-2.1109946,0.0,1,-2.1109946,1681357434599648,16813574345,0,70602,1,2,11:43:54,道路14,机动车占用非机动车道
235028167,280793612,0,"{""x"":-135.75476,""y"":-301.76938}","{""x"":6.2388105,""y"":2.4646034,""z"":3.0068855}",1.1791326,0.0,4,1.1791326,1681357541099732,16813575410,0,70252,0,2,11:45:41,道路12,机动车占用非机动车道
225445680,280778432,1,"{""x"":11.270992,""y"":-442.07355,""z"":12.8677635}","{""x"":4.803485,""y"":2.1102328,""z"":1.4887218}",-1.6385335,5.718262,1,-1.6385335,1681356023099858,16813560230,0,70562,1,2,11:20:23,道路9,机动车占用非机动车道
236222170,280798132,0,"{""x"":244.08917,""y"":-590.05225}","{""x"":4,""y"":1.5,""z"":1.710737}",2.5699775,0.0,1,2.5699775,1681357993099667,16813579930,0,70086,0,2,11:53:13,道路10,机动车占用非机动车道
236616067,280799117,0,"{""x"":-177.7934,""y"":-350.24}","{""x"":4.925837,""y"":2.0100272,""z"":2.1132812}",-0.34908363,0.0,1,2.7539482,1681358091599876,16813580915,0,70076,0,2,11:54:51,道路7,机动车占用非机动车道
236709745,280799022,0,"{""x"":242.2682,""y"":-470.84714}","{""x"":4.5433145,""y"":1.9681432,""z"":1.6591797}",1.044016,0.0,1,1.1240011,1681358082099890,16813580820,0,70601,1,2,11:54:42,道路14,机动车占用非机动车道
235009632,280799447,1,"{""x"":184.1938,""y"":-544.46277,""z"":12.7239}","{""x"":4.706986,""y"":1.96488,""z"":1.4722962}",-2.3938756,4.30445,1,-2.3938756,1681358124599727,16813581245,0,70568,2,2,11:55:24,道路14,机动车占用非机动车道
236912489,280799457,0,"{""x"":221.6307,""y"":-464.17172}","{""x"":5.220938,""y"":1.9993175,""z"":1.7832031}",-1.926977,0.0,1,-1.9220902,1681358125599858,16813581255,0,70602,1,2,11:55:25,道路14,机动车占用非机动车道
237153575,280801857,0,"{""x"":-69.2405,""y"":-66.09623}","{""x"":4.9186873,""y"":2.0977077,""z"":2.1660156}",2.6241875,0.0,1,2.5889168,1681358365599700,16813583655,0,70116,0,2,11:59:25,道路2,机动车占用非机动车道
235993046,280801682,1,"{""x"":116.164474,""y"":-217.33879,""z"":13.080295}","{""x"":5.658237,""y"":2.055175,""z"":1.7853084}",-0.5621043,11.132111,1,-0.5621043,1681358348099748,16813583480,0,70465,2,2,11:59:08,道路13,机动车占用非机动车道
236170269,280801452,1,"{""x"":-38.338093,""y"":-94.83283,""z"":12.989258}","{""x"":4.5209827,""y"":2.013544,""z"":1.6445312}",2.6302147,10.218239,1,2.6302147,1681358325099677,16813583250,0,70458,2,2,11:58:45,道路15,机动车占用非机动车道
232434248,280783827,0,"{""x"":-310.23395,""y"":-151.90007}","{""x"":4.9177732,""y"":2.0763295,""z"":1.5996094}",1.2585509,0.0,1,1.2585509,1681356562599674,16813565625,0,70599,1,2,11:29:22,道路11,机动车占用非机动车道
233181326,280785077,1,"{""x"":-364.58777,""y"":-293.36676,""z"":13.005859}","{""x"":4.525621,""y"":2.1001909,""z"":1.4931641}",-0.3851661999999999,9.716498,1,-0.3851661999999999,1681356687599910,16813566875,0,70547,2,2,11:31:27,道路6,机动车占用非机动车道
233498226,280785582,0,"{""x"":-102.0081,""y"":-226.87378}","{""x"":4.353721,""y"":1.8220673,""z"":1.4941837}",1.1531872,0.0,1,1.1319106,1681356738099713,16813567380,0,70252,0,2,11:32:18,道路12,机动车占用非机动车道
233509240,280786602,0,"{""x"":223.63654,""y"":-459.9832}","{""x"":4.6018953,""y"":1.9289811,""z"":1.4697266}",-1.9521313,0.0,1,-1.9628363,1681356840099836,16813568400,0,70602,1,2,11:34:00,道路14,机动车占用非机动车道
233244153,280785167,1,"{""x"":-369.83582,""y"":-295.73367,""z"":13.803711}","{""x"":6.396554,""y"":2.7624178,""z"":3.296875}",-0.3864231999999999,8.500696,1,-0.3864231999999999,1681356696599842,16813566965,0,70547,2,2,11:31:36,道路6,机动车占用非机动车道
232111464,280786537,1,"{""x"":5.143653,""y"":-431.00592,""z"":12.752047}","{""x"":4.4546947,""y"":2.0617723,""z"":1.5636944}",-2.6285987,4.2478423,1,-2.6285987,1681356833599436,16813568335,0,70557,3,2,11:33:53,道路13,机动车占用非机动车道
226582350,280772602,1,"{""x"":-373.52448,""y"":-278.15793,""z"":12.912598}","{""x"":4.655893,""y"":1.9802281,""z"":1.4267578}",2.7922187,10.910892,1,2.7922187,1681355440099856,16813554400,0,70548,2,2,11:10:40,道路11,机动车占用非机动车道
228349314,280774187,0,"{""x"":243.32755,""y"":-469.2079,""z"":13.541016}","{""x"":4.57584,""y"":1.9181592,""z"":1.5009766}",0.94330746,0.0,1,0.94330746,1681355598599760,16813555985,0,70601,1,2,11:13:18,道路14,机动车占用非机动车道
230970804,280781992,1,"{""x"":2.204589,""y"":-433.34357,""z"":12.798374}","{""x"":4.6883664,""y"":2.1395643,""z"":1.617818}",-2.730203,6.462563,1,-2.730203,1681356379099730,16813563790,0,70557,3,2,11:26:19,道路13,机动车占用非机动车道
232414692,280781697,1,"{""x"":-143.08304,""y"":-384.24753,""z"":12.856445}","{""x"":5.2395816,""y"":2.2127473,""z"":1.7412109}",-0.36625224,12.085288,1,-0.36625224,1681356349599639,16813563495,0,70553,2,2,11:25:49,道路7,机动车占用非机动车道
234515547,280790262,0,"{""x"":227.59517,""y"":-438.63794,""z"":13.505859}","{""x"":4.85451,""y"":1.9349744,""z"":1.4892578}",-2.173067,0.0,1,-2.173067,1681357206099818,16813572060,0,70602,1,2,11:40:06,道路14,机动车占用非机动车道
234626564,280790247,0,"{""x"":-102.07479,""y"":-226.88338}","{""x"":4.356502,""y"":1.8396441,""z"":1.4848199}",1.2435632,0.0,1,1.1851844,1681357204599889,16813572045,0,70252,0,2,11:40:04,道路12,机动车占用非机动车道
233901950,280787412,0,"{""x"":222.54126,""y"":-461.9969,""z"":13.421875}","{""x"":4.777852,""y"":1.8941253,""z"":1.5166016}",-2.0548496,0.0,1,-2.0548496,1681356921099637,16813569210,0,70602,1,2,11:35:21,道路14,机动车占用非机动车道
233906732,280787257,1,"{""x"":118.563065,""y"":-195.81012,""z"":13.038522}","{""x"":4.6726933,""y"":1.8918993,""z"":1.4415301}",-2.064417,7.635425,1,-2.064417,1681356905599710,16813569055,0,70466,2,2,11:35:05,道路13,机动车占用非机动车道
233467526,280786882,1,"{""x"":3.6284091,""y"":-442.7759,""z"":12.894295}","{""x"":4.5578914,""y"":2.0082948,""z"":1.5653176}",0.3227656,5.0073133,1,0.3227656,1681356868099763,16813568680,0,70560,2,2,11:34:28,道路13,机动车占用非机动车道
231286394,280776867,1,"{""x"":-121.68383,""y"":-373.0568,""z"":12.583984}","{""x"":5.1920686,""y"":2.2385304,""z"":1.5292969}",2.0517595,6.611528,1,2.0517595,1681355866599776,16813558665,0,70555,1,2,11:17:46,道路8,机动车占用非机动车道
230022255,280783272,1,"{""x"":-4.327861,""y"":-434.45004,""z"":12.612452}","{""x"":4.6968746,""y"":1.9576625,""z"":1.4430068}",-3.0384002,6.640191,1,-3.0384002,1681356507099811,16813565070,0,70562,1,2,11:28:27,道路9,机动车占用非机动车道
232022355,280791197,1,"{""x"":300.24283,""y"":-339.5799,""z"":12.918204}","{""x"":4.7477336,""y"":1.9102432,""z"":1.437313}",1.0701556,7.4529247,1,1.0701556,1681357299599731,16813572995,0,70478,2,2,11:41:39,道路14,机动车占用非机动车道
228088950,280771897,1,"{""x"":5.4141855,""y"":-432.81686,""z"":12.789598}","{""x"":4.6102886,""y"":2.1202588,""z"":1.634218}",-2.5773559,5.086082,1,-2.5773559,1681355369599756,16813553695,0,70560,2,2,11:09:29,道路13,机动车占用非机动车道
229993629,280771462,1,"{""x"":8.926374,""y"":-439.67398,""z"":13.094259}","{""x"":4.8827577,""y"":1.6613628,""z"":1.974771}",0.6655588,5.7297363,1,0.6655588,1681355326099642,16813553260,0,70562,1,2,11:08:46,道路9,机动车占用非机动车道
233078147,280784717,1,"{""x"":309.70105,""y"":-323.07645,""z"":12.951064}","{""x"":4.8709707,""y"":1.9647235,""z"":1.43942}",2.581546,6.3955755,1,2.581546,1681356651599617,16813566515,0,70476,2,2,11:30:51,道路4,机动车占用非机动车道
233139448,280785112,1,"{""x"":17.165775,""y"":-437.88464,""z"":12.781027}","{""x"":4.873538,""y"":1.9795763,""z"":1.445475}",1.3707592,4.632706,1,1.3707592,1681356691099759,16813566910,0,70559,2,2,11:31:31,道路8,机动车占用非机动车道
235318729,280800777,1,"{""x"":-1.7071903,""y"":-431.44946,""z"":12.534899}","{""x"":4.7375593,""y"":1.9158776,""z"":1.4286346}",-2.8672504,5.8801413,1,-2.8672504,1681358257599866,16813582575,0,70557,3,2,11:57:37,道路13,机动车占用非机动车道
236244076,280796962,1,"{""x"":292.91327,""y"":-300.8227,""z"":12.603479}","{""x"":4.988891,""y"":1.964344,""z"":1.4271727}",-3.0576522,5.4537444,1,-3.0576522,1681357876099856,16813578760,0,70481,1,2,11:51:16,道路5,机动车占用非机动车道
235827896,280797967,1,"{""x"":98.695786,""y"":-232.62137,""z"":12.636952}","{""x"":4.996053,""y"":1.9674753,""z"":1.483572}",-2.2902,3.648594,1,-2.2902,1681357976599796,16813579765,0,70463,2,2,11:52:56,道路4,机动车占用非机动车道
236765671,280799292,1,"{""x"":289.54175,""y"":-334.2489,""z"":12.860035}","{""x"":4.7394776,""y"":1.8922291,""z"":1.4767061}",-2.0656447,6.809242,1,-2.0656447,1681358109099886,16813581090,0,70475,2,2,11:55:09,道路5,机动车占用非机动车道
230451202,280798252,1,"{""x"":304.06326,""y"":-353.65002,""z"":13.091384}","{""x"":4.853738,""y"":1.927211,""z"":1.7187428}",0.19140236,4.6934433,1,0.19140236,1681358005099801,16813580050,0,70482,1,2,11:53:25,道路4,机动车占用非机动车道
231092220,280775582,1,"{""x"":299.70963,""y"":-297.56488,""z"":12.597357}","{""x"":4.7569184,""y"":1.869039,""z"":1.4269984}",-2.6123638,5.3386626,1,-2.6123638,1681355738099697,16813557380,0,70477,2,2,11:15:38,道路14,机动车占用非机动车道
230613457,280774172,1,"{""x"":198.28845,""y"":-563.0057,""z"":12.844115}","{""x"":4.8563924,""y"":1.9981437,""z"":1.592029}",1.7609931,4.731317,1,1.7609931,1681355597099711,16813555970,0,70567,1,2,11:13:17,道路10,机动车占用非机动车道
229948967,280781312,1,"{""x"":6.8547482,""y"":-428.81512,""z"":12.649187}","{""x"":4.680504,""y"":2.0213313,""z"":1.4664466}",-2.4634748,6.272504,1,-2.4634748,1681356311099669,16813563110,0,70557,3,2,11:25:11,道路13,机动车占用非机动车道
232268972,280780692,1,"{""x"":328.21045,""y"":-332.07138,""z"":12.931471}","{""x"":5.0889277,""y"":1.7971611,""z"":1.4186616}",2.6258671,7.9862967,1,2.6258671,1681356249099975,16813562490,0,2133,1,3,11:24:09,道路5,机动车占用非机动车道
232373429,280781682,1,"{""x"":4.9686146,""y"":-457.31485,""z"":12.813477}","{""x"":4.7166486,""y"":1.9749557,""z"":1.4467107}",-0.56218106,14.020984,1,-0.56218106,1681356348099889,16813563480,0,70560,2,2,11:25:48,道路13,机动车占用非机动车道
224053094,280777112,1,"{""x"":183.7628,""y"":-545.0201,""z"":12.681038}","{""x"":4.7661686,""y"":1.9501257,""z"":1.4670935}",-2.4893591,4.296555,1,-2.4893591,1681355891099672,16813558910,0,70568,2,2,11:18:11,道路14,机动车占用非机动车道
222543948,280793222,1,"{""x"":295.7454,""y"":-348.882,""z"":13.07475}","{""x"":4.7230134,""y"":1.921849,""z"":1.4841154}",1.0659572,6.425469,1,1.0659572,1681357502099620,16813575020,0,70482,1,2,11:45:02,道路4,机动车占用非机动车道
226562350,280790502,1,"{""x"":239.5529,""y"":-472.20667,""z"":13.458008}","{""x"":4.8707423,""y"":2.0094523,""z"":1.4589844}",1.2423725,5.4886084,1,1.2423725,1681357230099780,16813572300,0,70601,1,2,11:40:30,道路14,机动车占用非机动车道
231121761,280797817,1,"{""x"":187.75339,""y"":-554.2217,""z"":12.810234}","{""x"":4.718324,""y"":1.8904544,""z"":1.4306612}",-1.5653572,4.351595,1,-1.5653572,1681357961599653,16813579615,0,70567,1,2,11:52:41,道路10,机动车占用非机动车道
236107565,280796897,1,"{""x"":121.468216,""y"":-220.74031,""z"":13.170882}","{""x"":4.760504,""y"":2.0376441,""z"":1.4748145}",-2.826752,4.578784,1,-2.826752,1681357869599746,16813578695,0,70469,1,2,11:51:09,道路13,机动车占用非机动车道
230115217,280774732,1,"{""x"":186.29099,""y"":-541.0348,""z"":12.837993}","{""x"":4.510705,""y"":1.9778272,""z"":1.5043616}",-2.2965164,5.210749,1,-2.2965164,1681355653099850,16813556530,0,70568,2,2,11:14:13,道路14,机动车占用非机动车道
233192459,280789942,1,"{""x"":10.886708,""y"":-448.6808,""z"":12.847151}","{""x"":4.6951838,""y"":2.0745769,""z"":1.416652}",-1.3948865,5.0184665,1,-1.3948865,1681357174099904,16813571740,0,70559,2,2,11:39:34,道路8,机动车占用非机动车道
234615921,280790187,1,"{""x"":119.33036,""y"":-198.59323,""z"":13.057606}","{""x"":4.704282,""y"":1.850199,""z"":1.4549658}",-2.008538,3.993895,1,-2.008538,1681357198599879,16813571985,0,70466,2,2,11:39:58,道路13,机动车占用非机动车道
228103994,280770007,1,"{""x"":187.72878,""y"":-570.07477,""z"":12.773497}","{""x"":4.7152667,""y"":2.0302932,""z"":1.5038108}",-1.141533,5.641403,1,-1.141533,1681355180599684,16813551805,0,70565,2,2,11:06:20,道路9,机动车占用非机动车道
227758500,280769062,1,"{""x"":5.7880983,""y"":-432.93692,""z"":12.742659}","{""x"":4.571676,""y"":1.9839833,""z"":1.479663}",-2.5410566,5.8135977,1,-2.5410566,1681355086099689,16813550860,0,70560,2,2,11:04:46,道路13,机动车占用非机动车道
232301252,280783232,1,"{""x"":6.048527,""y"":-432.23682,""z"":12.664289}","{""x"":4.6586523,""y"":1.9443736,""z"":1.433876}",-2.5278056,5.7162905,1,-2.5278056,1681356503099650,16813565030,0,70560,2,2,11:28:23,道路13,机动车占用非机动车道
235199445,280793477,1,"{""x"":16.354813,""y"":-441.19965,""z"":12.914295}","{""x"":5.254996,""y"":1.8371556,""z"":1.7684945}",1.6297904,6.2534337,1,1.6297904,1681357527599738,16813575275,0,70559,2,2,11:45:27,道路8,机动车占用非机动车道
225975266,280768347,1,"{""x"":5.871011,""y"":-432.49283,""z"":12.686331}","{""x"":4.669507,""y"":1.963064,""z"":1.4709287}",-2.543074,5.2922306,1,-2.543074,1681355014599614,16813550145,0,70560,2,2,11:03:34,道路13,机动车占用非机动车道
232038178,280779692,1,"{""x"":21.704918,""y"":-430.42288,""z"":13.287832}","{""x"":5.4999166,""y"":1.8638275,""z"":1.9990249}",1.1638389,7.502866,1,1.149984,1681356149099874,16813561490,0,70559,2,2,11:22:29,道路8,机动车占用非机动车道
226855125,280772202,1,"{""x"":182.91365,""y"":-547.24805,""z"":12.7516575}","{""x"":5.0826015,""y"":2.0354025,""z"":1.4601257}",-2.4848306,3.2871623,1,-2.4848306,1681355400099650,16813554000,0,70568,2,2,11:10:00,道路14,机动车占用非机动车道
224658938,280771217,1,"{""x"":297.76398,""y"":-343.0079,""z"":13.018622}","{""x"":4.7451925,""y"":1.9303117,""z"":1.4415301}",1.0847335,8.928834,1,1.0847335,1681355301599623,16813553015,0,2137,1,3,11:08:21,道路4,机动车占用非机动车道
232220729,280785362,1,"{""x"":188.13385,""y"":-570.4498,""z"":12.913305}","{""x"":4.738754,""y"":2.06877,""z"":1.6778271}",-1.1600549,6.4456434,1,-1.1600549,1681356716099714,16813567160,0,70565,2,2,11:31:56,道路9,机动车占用非机动车道
230108163,280786582,1,"{""x"":183.48291,""y"":-573.78436,""z"":13.501959}","{""x"":6.4090567,""y"":2.5808005,""z"":3.0600777}",-0.58117944,7.283094399999999,4,-0.58117944,1681356838099787,16813568380,0,70565,2,2,11:33:58,道路9,机动车占用非机动车道
226571140,280769352,1,"{""x"":303.0528,""y"":-334.79477,""z"":13.020153}","{""x"":4.776354,""y"":1.9664441,""z"":1.5094203}",1.055643,8.033917,1,1.055643,1681355115099818,16813551150,0,70477,2,2,11:05:15,道路14,机动车占用非机动车道
225685545,280770927,1,"{""x"":33.93271,""y"":-404.0644,""z"":12.70225}","{""x"":4.3493457,""y"":1.865611,""z"":1.5271918}",1.3577101,3.2745943,1,1.3577101,1681355272599699,16813552725,1001,70359,1,2,11:07:52,道路13,机动车占用非机动车道
226696323,280768277,1,"{""x"":38.205368,""y"":-402.51422,""z"":12.723066}","{""x"":4.322076,""y"":1.8059926,""z"":1.4675211}",0.48276743,2.1545658,1,0.48276743,1681355007599652,16813550075,1001,70359,1,2,11:03:27,道路13,机动车占用非机动车道
227210626,280776972,1,"{""x"":37.606552,""y"":-396.03616,""z"":13.083629}","{""x"":4.4635377,""y"":2.0408177,""z"":1.8247132}",-1.3953514,4.281495,1,-1.3953514,1681355877099714,16813558770,1001,70359,1,2,11:17:57,道路13,机动车占用非机动车道
217388416,280767302,0,"{""x"":58.25297,""y"":-355.61234}","{""x"":4.6082125,""y"":1.9202458,""z"":1.6868246}",1.1389087,0.0,1,1.1366072,1681354910099693,16813549100,1003,70360,0,2,11:01:50,道路13,机动车占用非机动车道
191252729,280768762,0,"{""x"":52.990963,""y"":-367.4248}","{""x"":4.600024,""y"":1.8642651,""z"":1.4172769}",1.1452663,0.0,1,1.1366072,1681355056099729,16813550560,1003,70360,0,2,11:04:16,道路13,机动车占用非机动车道
226891972,280768012,0,"{""x"":48.223267,""y"":-377.18002}","{""x"":4.6464477,""y"":1.8017423,""z"":1.4549658}",1.1366072,0.0,1,1.1366072,1681354981099761,16813549810,1003,70360,0,2,11:03:01,道路13,机动车占用非机动车道
217211484,280767612,0,"{""x"":60.50864,""y"":-351.01578}","{""x"":4.1927056,""y"":1.8273956,""z"":1.6632594}",1.1366072,0.0,1,1.1366072,1681354941099735,16813549410,1003,70360,0,2,11:02:21,道路13,机动车占用非机动车道
191252738,280767747,0,"{""x"":55.426014,""y"":-361.4821}","{""x"":4.474904,""y"":1.8381567,""z"":1.6828655}",1.205021,0.0,1,1.1366072,1681354954599648,16813549545,1003,70360,0,2,11:02:34,道路13,机动车占用非机动车道
233621823,280789007,0,"{""x"":60.51108,""y"":-350.97464}","{""x"":4.2040296,""y"":1.8251156,""z"":1.5975773}",1.1961093,0.0,1,1.1366072,1681357080599975,16813570805,1003,70360,0,2,11:38:00,道路13,机动车占用非机动车道
237066339,280801332,0,"{""x"":48.211575,""y"":-377.1752}","{""x"":4.6622205,""y"":1.8249921,""z"":1.4551436}",1.1070341,0.0,1,1.1067654,1681358313099757,16813583130,1003,70360,0,2,11:58:33,道路13,机动车占用非机动车道
237072040,280801717,0,"{""x"":60.53126,""y"":-350.99207}","{""x"":4.2055326,""y"":1.8275583,""z"":1.5413531}",1.214763,0.0,1,1.1366072,1681358351599750,16813583515,1003,70360,0,2,11:59:11,道路13,机动车占用非机动车道
237068315,280801817,0,"{""x"":53.052616,""y"":-367.37534}","{""x"":4.562238,""y"":1.8635103,""z"":1.4256057}",1.1468307,0.0,1,1.1366072,1681358361599764,16813583615,1003,70360,0,2,11:59:21,道路13,机动车占用非机动车道
228904531,280767637,0,"{""x"":34.226498,""y"":-372.71075}","{""x"":6.1879687,""y"":2.4495566,""z"":3.1130133}",-2.0317996,0.0,4,-2.002199,1681354943599734,16813549435,1004,70367,0,2,11:02:23,道路13,机动车占用非机动车道
191252716,280767822,0,"{""x"":44.474194,""y"":-345.37228}","{""x"":4.11653,""y"":1.7751052,""z"":1.4737347}",-2.002199,0.0,1,-2.002199,1681354962099747,16813549620,1004,70367,0,2,11:02:42,道路13,机动车占用非机动车道
233952527,280789332,0,"{""x"":43.161217,""y"":-352.28476,""z"":12.965351}","{""x"":4.5991616,""y"":1.9259824,""z"":1.6526215}",-2.308794,0.0,1,-2.308794,1681357113099850,16813571130,1004,70367,0,2,11:38:33,道路13,机动车占用非机动车道
234026930,280788172,1,"{""x"":47.237766,""y"":-349.297,""z"":13.037195}","{""x"":4.7128696,""y"":1.848135,""z"":1.5349692}",-1.8543652,0.5959462,1,-1.8543652,1681356997099899,16813569970,1004,70367,0,2,11:36:37,道路13,机动车占用非机动车道
234942967,280796397,1,"{""x"":46.867607,""y"":-349.09818,""z"":12.874934}","{""x"":4.788992,""y"":2.0648093,""z"":1.4838436}",-1.8292446,4.5653415,1,-1.8292446,1681357819599728,16813578195,1004,70367,0,2,11:50:19,道路13,机动车占用非机动车道
191252746,280767982,0,"{""x"":70.92472,""y"":-328.40723}","{""x"":4.314739,""y"":1.8676271,""z"":1.6476109}",1.129694,0.0,1,1.137153,1681354978099739,16813549780,1005,70361,0,2,11:02:58,道路13,机动车占用非机动车道
207458742,280768037,0,"{""x"":80.35282,""y"":-307.00027}","{""x"":4.348608,""y"":1.9153931,""z"":1.4635162}",1.137153,0.0,1,1.137153,1681354983599748,16813549835,1005,70361,0,2,11:03:03,道路13,机动车占用非机动车道
191252741,280767562,0,"{""x"":73.13033,""y"":-323.33893}","{""x"":4.592109,""y"":1.980375,""z"":1.4901059}",1.1715808,0.0,1,1.137153,1681354936099754,16813549360,1005,70361,0,2,11:02:16,道路13,机动车占用非机动车道
229405870,280768307,0,"{""x"":65.401505,""y"":-339.56146}","{""x"":4.5868216,""y"":1.8580564,""z"":1.5531576}",1.1348313,0.0,1,1.137153,1681355010599727,16813550105,1005,70361,0,2,11:03:30,道路13,机动车占用非机动车道
191252737,280768732,0,"{""x"":78.14545,""y"":-312.265}","{""x"":4.445216,""y"":2.021975,""z"":1.4998692}",1.1170332,0.0,1,1.137153,1681355053099696,16813550530,1005,70361,0,2,11:04:13,道路13,机动车占用非机动车道
208726317,280767427,0,"{""x"":62.94859,""y"":-345.17868}","{""x"":4.2419443,""y"":1.8439994,""z"":1.5313196}",1.167829,0.0,1,1.137153,1681354922599711,16813549225,1005,70361,0,2,11:02:02,道路13,机动车占用非机动车道
212668898,280767507,0,"{""x"":82.80184,""y"":-301.24216}","{""x"":4.30123,""y"":1.9228517,""z"":1.4967599}",1.1099708,0.0,1,1.137153,1681354930599607,16813549305,1005,70361,0,2,11:02:10,道路13,机动车占用非机动车道
191252719,280767732,0,"{""x"":75.257744,""y"":-317.5947}","{""x"":4.428871,""y"":1.8167473,""z"":1.5151429}",1.1025839,0.0,1,1.137153,1681354953099625,16813549530,1005,70361,0,2,11:02:33,道路13,机动车占用非机动车道
224154735,280767832,0,"{""x"":68.264015,""y"":-333.68036}","{""x"":4.488248,""y"":1.9372848,""z"":1.7049774}",1.1016886,0.0,1,1.137153,1681354963099738,16813549630,1005,70361,0,2,11:02:43,道路13,机动车占用非机动车道
191253125,280767622,0,"{""x"":65.42684,""y"":-339.5321}","{""x"":4.6768823,""y"":1.8880241,""z"":1.5838876}",1.1464374,0.0,1,1.137153,1681354942099619,16813549420,1005,70361,0,2,11:02:22,道路13,机动车占用非机动车道
235936394,280795807,0,"{""x"":65.38616,""y"":-339.616}","{""x"":4.6316237,""y"":1.9025748,""z"":1.567921}",1.1174726,0.0,1,1.1124042,1681357760599715,16813577605,1005,70361,0,2,11:49:20,道路13,机动车占用非机动车道
236156885,280796747,0,"{""x"":82.79793,""y"":-301.3787}","{""x"":4.2442775,""y"":1.8420777,""z"":1.5426707}",1.1283659,0.0,1,1.137153,1681357854599794,16813578545,1005,70361,0,2,11:50:54,道路13,机动车占用非机动车道
227673501,280768047,0,"{""x"":63.50794,""y"":-303.5859}","{""x"":4.310498,""y"":1.8056535,""z"":1.4521269}",1.1501008,0.0,1,1.1392576,1681354984599647,16813549845,1006,70366,0,2,11:03:04,道路13,机动车占用非机动车道
198260122,280767857,0,"{""x"":55.7101,""y"":-319.49747}","{""x"":4.644088,""y"":1.954528,""z"":1.6827754}",-2.0032382,0.0,1,-2.0032382,1681354965599739,16813549655,1006,70366,0,2,11:02:45,道路13,机动车占用非机动车道
214732962,280767517,0,"{""x"":53.352932,""y"":-324.93774}","{""x"":4.271398,""y"":1.8693386,""z"":1.5730013}",1.1588433,0.0,1,1.1195314,1681354931599651,16813549315,1006,70366,0,2,11:02:11,道路13,机动车占用非机动车道
191252735,280768607,0,"{""x"":60.790985,""y"":-308.7667}","{""x"":4.275911,""y"":1.8347708,""z"":1.5700277}",-2.3648765,0.0,1,-2.3648765,1681355040599719,16813550405,1006,70366,0,2,11:04:00,道路13,机动车占用非机动车道
204830057,280768717,0,"{""x"":58.431248,""y"":-314.35962}","{""x"":4.9320426,""y"":1.9953175,""z"":1.9160216}",-2.313742,0.0,1,-2.313742,1681355051599699,16813550515,1006,70366,0,2,11:04:11,道路13,机动车占用非机动车道
227943462,280767502,0,"{""x"":48.7713,""y"":-335.67108}","{""x"":4.0798864,""y"":1.8095173,""z"":1.4951166}",1.200177,0.0,1,1.2271036,1681354930099727,16813549300,1006,70366,0,2,11:02:10,道路13,机动车占用非机动车道
191253486,280767842,0,"{""x"":45.958656,""y"":-340.9541}","{""x"":4.2989283,""y"":1.7706736,""z"":1.5122789}",1.1486671,0.0,1,1.1486671,1681354964099738,16813549640,1006,70366,0,2,11:02:44,道路13,机动车占用非机动车道
221271396,280767967,0,"{""x"":51.344746,""y"":-330.02228}","{""x"":4.1697397,""y"":1.8083181,""z"":1.4731952}",1.1663709,0.0,1,1.1798736,1681354976599728,16813549765,1006,70366,0,2,11:02:56,道路13,机动车占用非机动车道
191252744,280768187,0,"{""x"":66.19167,""y"":-298.3896}","{""x"":4.2817345,""y"":1.8264006,""z"":1.57675}",1.1773831,0.0,1,-2.0032382,1681354998599746,16813549985,1006,70366,0,2,11:03:18,道路13,机动车占用非机动车道
212310015,280768942,0,"{""x"":67.97123,""y"":-293.34296}","{""x"":4.2701344,""y"":1.8058745,""z"":1.4325836}",1.2141712,0.0,1,1.21428,1681355074099787,16813550740,1006,70366,0,2,11:04:34,道路13,机动车占用非机动车道
231075607,280779187,0,"{""x"":62.627625,""y"":-312.4455}","{""x"":5.008744,""y"":1.9519006,""z"":1.6952491}",-2.0032382,0.0,1,-2.0032382,1681356098599732,16813560985,1006,70366,0,2,11:21:38,道路13,机动车占用非机动车道
232320948,280788207,0,"{""x"":66.178535,""y"":-298.42426}","{""x"":4.3088894,""y"":1.8660632,""z"":1.5243258}",1.1883259,0.0,1,-2.0032382,1681357000599879,16813570005,1006,70366,0,2,11:36:40,道路13,机动车占用非机动车道
234233371,280788527,0,"{""x"":51.22491,""y"":-330.00034}","{""x"":4.0731573,""y"":1.7386631,""z"":1.4986796}",1.0770552,0.0,1,1.0790641,1681357032599649,16813570325,1006,70366,0,2,11:37:12,道路13,机动车占用非机动车道
235380131,280794512,0,"{""x"":66.7509,""y"":-303.19714}","{""x"":4.455834,""y"":1.8971065,""z"":1.4594128}",-2.0032382,0.0,1,-2.0032382,1681357631099937,16813576310,1006,70366,0,2,11:47:11,道路13,机动车占用非机动车道
235568419,280794422,0,"{""x"":60.767776,""y"":-308.8498}","{""x"":4.273222,""y"":1.8202442,""z"":1.5375944}",1.1276222,0.0,1,1.1051254,1681357622099730,16813576220,1006,70366,0,2,11:47:02,道路13,机动车占用非机动车道
234962317,280795242,0,"{""x"":51.381786,""y"":-330.12247}","{""x"":4.1495476,""y"":1.8069224,""z"":1.516068}",1.1406382,0.0,1,1.1288681,1681357704099763,16813577040,1006,70366,0,2,11:48:24,道路13,机动车占用非机动车道
226568846,280768362,0,"{""x"":85.68828,""y"":-295.39575}","{""x"":4.3727674,""y"":1.8538886,""z"":1.4411781}",1.1363246,0.0,1,1.1363246,1681355016099746,16813550160,1007,70362,0,2,11:03:36,道路13,机动车占用非机动车道
230117430,280779937,0,"{""x"":85.7007,""y"":-295.4275}","{""x"":4.36746,""y"":1.827719,""z"":1.4360853}",1.1465964,0.0,1,1.1363246,1681356173599723,16813561735,1007,70362,0,2,11:22:53,道路13,机动车占用非机动车道
226675094,280768247,0,"{""x"":76.68176,""y"":-278.49106}","{""x"":4.300144,""y"":1.7678535,""z"":1.4402988}",-1.9881654,0.0,1,-1.9881654,1681355004599642,16813550045,1008,70365,0,2,11:03:24,道路13,机动车占用非机动车道
234052653,280789297,0,"{""x"":71.849174,""y"":-291.38474}","{""x"":4.3056383,""y"":1.9222453,""z"":1.4796834}",-1.9881654,0.0,1,-1.9881654,1681357109599935,16813571095,1008,70365,0,2,11:38:29,道路13,机动车占用非机动车道
236179018,280796797,0,"{""x"":75.21802,""y"":-283.3858}","{""x"":4.3930078,""y"":1.8348732,""z"":1.5725212}",-1.9356211,0.0,1,-1.9881654,1681357859599756,16813578595,1008,70365,0,2,11:50:59,道路13,机动车占用非机动车道
232869759,280784112,0,"{""x"":73.408936,""y"":-287.69815}","{""x"":4.3708906,""y"":1.7916893,""z"":1.4378394}",-1.9881654,0.0,1,-1.9881654,1681356591099723,16813565910,1008,70365,0,2,11:29:51,道路13,机动车占用非机动车道
228431880,280767887,0,"{""x"":84.2364,""y"":-260.94003,""z"":12.631237}","{""x"":4.3395605,""y"":1.693208,""z"":1.4765258}",1.1196238,0.0,1,1.1954631,1681354968599707,16813549685,1010,70364,0,2,11:02:48,道路13,机动车占用非机动车道
229275914,280768882,0,"{""x"":90.54628,""y"":-249.64734}","{""x"":4.4234915,""y"":1.8071775,""z"":1.5266536}",-2.0914178,0.0,1,-2.005987,1681355068099704,16813550680,1010,70364,0,2,11:04:28,道路13,机动车占用非机动车道
232082110,280780107,0,"{""x"":88.13912,""y"":-255.25288}","{""x"":4.289259,""y"":1.8159646,""z"":1.5352502}",-0.48498932,0.0,1,-0.34837198,1681356190599824,16813561905,1010,70364,0,2,11:23:10,道路13,机动车占用非机动车道
233447721,280788362,0,"{""x"":87.441826,""y"":-256.10373}","{""x"":4.3315353,""y"":1.8403436,""z"":1.5516417}",1.0746071,0.0,1,-2.005987,1681357016099967,16813570160,1010,70364,0,2,11:36:56,道路13,机动车占用非机动车道
234776311,280795082,0,"{""x"":90.56904,""y"":-249.69542}","{""x"":4.4248753,""y"":1.7969764,""z"":1.5019763}",1.0415232,0.0,1,-2.005987,1681357688099720,16813576880,1010,70364,0,2,11:48:08,道路13,机动车占用非机动车道
229538836,280776902,0,"{""x"":84.550995,""y"":-261.1583}","{""x"":4.275463,""y"":1.8368956,""z"":1.4595912}",1.2040204,0.0,1,-2.005987,1681355870099634,16813558700,1010,70364,0,2,11:17:50,道路13,机动车占用非机动车道
236677031,280799367,0,"{""x"":90.05075,""y"":-249.37589}","{""x"":4.5412364,""y"":1.7721378,""z"":1.4216087}",-2.0771844,0.0,1,-2.005987,1681358116599696,16813581165,1010,70364,0,2,11:55:16,道路13,机动车占用非机动车道
236682930,280799387,0,"{""x"":94.312004,""y"":-241.20033}","{""x"":4.292699,""y"":1.789894,""z"":1.4935659}",1.1209493,0.0,1,-2.005987,1681358118599690,16813581185,1010,70364,0,2,11:55:18,道路13,机动车占用非机动车道
220393018,280767317,0,"{""x"":230.70743,""y"":-492.55927}","{""x"":4.5594616,""y"":1.8855921,""z"":1.4208984}",1.1267123,0.0,1,1.1267123,1681354911599664,16813549115,692,70413,0,2,11:01:51,道路14,机动车占用非机动车道
236551506,280798627,0,"{""x"":209.98978,""y"":-488.76804,""z"":13.235352}","{""x"":4.1072836,""y"":1.8399491,""z"":1.4775391}",-2.1686063,0.0,1,-2.1686063,1681358042599799,16813580425,693,70414,0,2,11:54:02,道路14,机动车占用非机动车道
232002180,280780082,0,"{""x"":204.82434,""y"":-499.15814,""z"":13.1640625}","{""x"":4.3418756,""y"":1.8805991,""z"":1.5009766}",1.0856347,0.0,1,1.0856347,1681356188099982,16813561880,694,70415,0,2,11:23:08,道路14,机动车占用非机动车道
219694393,280768972,0,"{""x"":217.91443,""y"":-519.6425}","{""x"":4.414162,""y"":1.8334821,""z"":1.4365234}",1.126719,0.0,1,1.126719,1681355077099614,16813550770,77,70411,0,2,11:04:37,道路14,机动车占用非机动车道
230515724,280779222,0,"{""x"":214.27129,""y"":-527.0006}","{""x"":4.628087,""y"":1.845226,""z"":1.4580078}",1.126719,0.0,1,1.126719,1681356102099816,16813561020,77,70411,0,2,11:21:42,道路14,机动车占用非机动车道
231280720,280779922,0,"{""x"":217.97736,""y"":-519.5733}","{""x"":4.4946446,""y"":1.8398604,""z"":1.4423828}",1.126719,0.0,1,1.126719,1681356172099723,16813561720,77,70411,0,2,11:22:52,道路14,机动车占用非机动车道
218564014,280767322,0,"{""x"":198.89503,""y"":-511.89325}","{""x"":4.4723372,""y"":1.8612225,""z"":1.4375}",-2.016372,0.0,1,-2.016372,1681354912099663,16813549120,78,70416,0,2,11:01:52,道路14,机动车占用非机动车道
223061161,280768327,0,"{""x"":195.83858,""y"":-518.31366}","{""x"":4.9158344,""y"":1.9270655,""z"":1.4755859}",-2.0138812,0.0,1,-2.016372,1681355012599626,16813550125,78,70416,0,2,11:03:32,道路14,机动车占用非机动车道
231992761,280780132,0,"{""x"":195.83958,""y"":-518.3269}","{""x"":4.883416,""y"":1.9275869,""z"":1.5019531}",-2.0235248,0.0,1,-2.0239031,1681356193099930,16813561930,78,70416,0,2,11:23:13,道路14,机动车占用非机动车道
235458135,280795382,0,"{""x"":192.97743,""y"":-524.20996}","{""x"":4.6147275,""y"":1.8495333,""z"":1.4375}",-1.9802165,0.0,1,-2.016372,1681357718099804,16813577180,78,70416,0,2,11:48:38,道路14,机动车占用非机动车道
